Symbol,Name,Price (Intraday),Change,% Change,Volume,Avg Vol (3 month),Market Cap,PE Ratio (TTM),52 Week Range
NTCT,"NetScout Systems, Inc.",26.98,-0.23,-0.85%,1.055M,"352,396",1.999B,78.66,
MAPS,"WM Technology, Inc.",15.42,0,0.0065,"801,842","659,342",1.993B,71.06,
EPAY,"Bottomline Technologies, Inc.",43.56,0,0.55%,"351,013","401,484",1.988B,N/A,
BASE,"Couchbase, Inc.",47.72,0,-0.58%,"422,361","585,115",1.976B,N/A,
LTCH,"Latch, Inc.",13.86,0,1.76%,"741,614",1.083M,1.958B,N/A,
MFGP,Micro Focus International plc,5.79,0,-2.36%,"232,779","581,026",1.951B,N/A,
ESKEF,Esker SA,339.09,0,0.00%,100,1,1.95B,142.77,
AVPT,"AvePoint, Inc.",10.68,0.74,7.44%,2.317M,"987,843",1.925B,N/A,
ISMAY,"Indra Sistemas, S.A.",5.39,0.33,0.0652,"1,828",732,1.922B,25.42,
PRO,"PROS Holdings, Inc.",42.54,0,-0.51%,"69,061","206,143",1.888B,N/A,
ASOZY,Asseco Poland S.A.,21.47,0,0.00%,202,3,2.264B,N/A,
GDYN,"Grid Dynamics Holdings, Inc.",30,0.93,0.032,"674,416","534,356",1.863B,N/A,
PAR,PAR Technology Corporation,71.17,-1,-1.08%,"77,204","216,301",1.84B,N/A,
QADA,QAD Inc.,87.12,0,0.0001,"58,620","143,998",1.829B,271.4,
CGNT,Cognyte Software Ltd.,27.61,0,-0.14%,"271,815","616,225",1.822B,147.65,
OCFT,"OneConnect Financial Technology Co., Ltd.",4.61,0,-2.95%,"909,946",1.656M,1.798B,N/A,
BTRS,BTRS Holdings Inc.,11.28,-0.2,-1.74%,"465,058",1.06M,1.785B,N/A,
AVYA,Avaya Holdings Corp.,20.5,0,-1.68%,"447,862",1.073M,1.726B,115.82,
YEXT,"Yext, Inc.",13.03,-1,-6.33%,4.654M,"976,856",1.665B,N/A,
RDWR,Radware Ltd.,36.42,0.83,0.0233,"277,659","251,570",1.658B,117.48,
KLTR,"Kaltura, Inc.",$13.11,1,0.0844,"384,498","552,963",1.658B,N/A,
UIS,Unisys Corporation,24.5,0,-0.61%,"132,480","376,840",1.644B,N/A,
BPRMF,Blue Prism Group plc,16.85,0,1.97%,"11,073","17,410",1.635B,N/A,
EB,"Eventbrite, Inc.",17.29,0.13,0.0076,"491,087",1.032M,1.631B,N/A,
CSVI,"Computer Services, Inc.",58.3,0,0.52%,991,"10,501",1.603B,28.89,
CSGS,"CSG Systems International, Inc.",48.42,-0.41,-0.84%,"110,480","156,778",1.585B,23.75,
CNDT,Conduent Incorporated,7.45,0.1,1.36%,"943,301",1.222M,1.584B,N/A,
SCWX,SecureWorks Corp.,18.43,0,-1.34%,"168,024","154,023",1.573B,N/A,
SPNS,Sapiens International Corporation N.V.,28.49,0.06,0.21%,"47,629","118,251",1.561B,41.29,
CYXT,"Cyxtera Technologies, Inc.",9.21,0,0.0099,"208,258","455,881",1.529B,N/A,
PLUS,ePlus inc.,109.44,-1,-0.59%,"29,113","64,628",1.478B,18.27,
FORTY,Formula Systems (1985) Ltd.,95.64,0,0.0036,"5,229","6,532",1.468B,29.65,
PUBM,"PubMatic, Inc.",28.75,-0.31,-1.07%,"563,311",1.317M,1.448B,52.56,
GSKY,"GreenSky, Inc.",7.85,0,-1.26%,"414,645","591,190",1.446B,19.58,
YALA,Yalla Group Limited,10.02,0.13,0.0131,"688,342",1.136M,1.442B,93.64,
CIOXY,Cielo S.A.,0.531,0,-0.75%,"73,359","72,895",1.434B,9,
PHPYF,Pushpay Holdings Limited,1.23,0,0.00%,"2,914","4,596",1.414B,43.93,
MTLS,Materialise NV,24.22,0,1.04%,"273,862","471,079",1.409B,N/A,
ZETA,Zeta Global Holdings Corp.,7.38,0,0.0336,"408,398","712,381",1.403B,N/A,
AGYS,"Agilysys, Inc.",55.83,-2,-3.94%,"58,743","90,423",1.372B,N/A,
PAYA,Paya Holdings Inc.,10.39,0,0.039,1.704M,1.266M,1.323B,N/A,
MODN,"Model N, Inc.",35.41,0.1,0.28%,"164,480","180,093",1.267B,N/A,
APXYY,Appen Limited,5,0.0133,0.27%,200,10,1.231B,42.19,
WETG,WeTrade Group Inc.,3.99,0,0.00%,100,233,1.219B,266,
EVOP,"EVO Payments, Inc.",25.22,0.03,0.0012,"134,196","184,051",1.194B,N/A,
UPLD,"Upland Software, Inc.",38.89,0,-0.08%,"75,638","190,204",1.183B,N/A,
BAINF,"BASE, Inc.",9.95,0,0.00%,2,693,1.169B,N/A,
GB,Global Blue Group Holding AG,6.36,0,0.63%,"36,703","19,135",1.148B,N/A,
OPRA,Opera Limited,$9.95,0,-1.68%,"81,953","183,432",1.146B,5.07,
ATEN,"A10 Networks, Inc.",13.82,-0.12,-0.86%,"585,724","648,729",1.061B,46.07,
ONTF,"ON24, Inc.",22.67,0.37,0.0166,"623,411","767,734",1.058B,N/A,
MITK,"Mitek Systems, Inc.",$23.03,0,0.61%,"223,690","475,589",1.014B,93.24,
MGIC,Magic Software Enterprises Ltd.,20.44,1,0.0266,"24,030","32,901",1.006B,36.5,
TMOAY,TomTom N.V.,3.88,0,0.00%,"1,600","11,525",999.073M,N/A,
LIFX,"Life360, Inc.",6.1,0,0.00%,100,"14,301",1.01B,N/A,
NPACY,Quadient S.A.,1.92,0,0.00%,10,6,988.249M,26.22,
KARO,Karooooo Ltd.,31.5,0,0.0158,"8,691","12,126",974.96M,30.82,
APPEF,Appen Limited,7.89,0,0.00%,1,228,971.062M,33.29,
IIIV,"i3 Verticals, Inc.",28.52,-0.48,-1.66%,"52,305","96,325",918.578M,N/A,
HMBL,"HUMBL, Inc.",0.94,0,0.1072,5.659M,5.429M,915.726M,N/A,
RAAS,Cloopen Group Holding Limited,$5.57,0,-2.11%,7.182M,1.561M,915.541M,N/A,
INST,"Instructure Holdings, Inc.",$23.32,1,0.0355,"106,475","309,862",3.23B,N/A,
EBIX,"Ebix, Inc.",28.59,-0.49,-1.69%,"124,368","223,137",884.672M,10.76,
PXPHF,Pexip Holding ASA,8.12,0,0.00%,"5,000",130,880.614M,N/A,
DBD,"Diebold Nixdorf, Incorporated",10.66,-0.55,-4.91%,"321,943","521,892",835.252M,N/A,
RMNI,"Rimini Street, Inc.",10.02,0.12,0.0121,"408,746","453,860",859.355M,N/A,
AMSWA,"American Software, Inc.",25.69,0,0.0162,"70,310","160,671",854M,95.15,
PDFS,"PDF Solutions, Inc.",22.78,0,0.53%,"58,214","125,245",848.109M,N/A,
TCX,Tucows Inc.,76.8,1,0.0153,"12,023","28,706",819.487M,121.9,
ECOM,ChannelAdvisor Corporation,27.12,0.58,0.0219,"169,592","157,145",809.076M,42.38,
OSPN,OneSpan Inc.,19.48,0.39,0.0204,"452,995","221,651",783.302M,N/A,
CTLP,"Cantaloupe, Inc.",10.77,0.56,5.48%,"547,279","331,489",767.449M,N/A,
RLLMF,Real Matters Inc.,9.26,0,0.00%,10,"1,895",761.615M,21.99,
SLVFF,Silverlake Axis Ltd,0.273,0,0.00%,"5,000",440,730.521M,21,
ZENV,Zenvia Inc.,18.48,1,0.0347,"127,653","533,556",726.127M,N/A,
PKKFF,Peak Fintech Group Inc.,10.79,1,0.1592,"444,891","315,012",723.696M,N/A,
BTBT,"Bit Digital, Inc.",12.97,0,0.0197,29.392M,18.132M,713.231M,16.42,
VERI,"Veritone, Inc.",21.69,0,0.0065,"188,950","394,445",713.048M,N/A,
IMXI,"International Money Express, Inc.",18.14,0,-1.09%,"97,470","172,798",700.079M,17.13,
LVOX,"LiveVox Holding, Inc.",7.23,0,-1.63%,"190,067","348,440",684.163M,N/A,
TCYSF,Tecsys Inc.,44.55,10,27.17%,500,212,646.238M,114.24,
ABST,Absolute Software Corporation,12.5,0,0.56%,"46,739","88,343",618.911M,178.57,
KPLT,"Katapult Holdings, Inc.",6.38,1,13.12%,133.255M,6.449M,617.722M,N/A,
HCKT,"The Hackett Group, Inc.",20.24,0,1.15%,"90,162","110,510",603.409M,32.28,
SEEMF,Seeing Machines Limited,0.155,-0.01,-6.06%,"41,792","154,868",600.721M,N/A,
CISO,Cerberus Cyber Sentinel Corporation,5,0,0.00%,1,565,588.65M,N/A,
ALLT,Allot Ltd.,$16.16,0,0.0241,"117,731","158,146",583.043M,N/A,
DPLS,"DarkPulse, Inc.",0.1179,0,0.0077,18.75M,109.546M,568.284M,N/A,
SFBTF,SB Technology Corp.,27.25,1,5.70%,"1,000",28,557.649M,23.47,
QIWI,QIWI plc,8.78,-0.14,-1.57%,1.121M,"298,884",550.62M,4.01,
SPRT,"Support.com, Inc.",21.95,0,-0.23%,20.836M,15.749M,532.022M,N/A,
SOS,SOS Limited,2.82,-0.07,-2.42%,12.073M,13.176M,527.69M,31.33,
DMRC,Digimarc Corporation,30.42,0.56,0.0188,"98,477","106,831",515.026M,N/A,
RWWI,"Rand Worldwide, Inc.",16,0,0.00%,"3,030","1,734",510.134M,307.69,
CLSK,"CleanSpark, Inc.",14.26,0,-0.97%,"771,427",1.664M,507.532M,N/A,
BSKZF,Bambuser AB (publ),1.92,0,0.00%,"10,000","2,202",388.093M,N/A,
JFU,9F Inc.,1.89,0,-0.53%,"150,272",1.717M,384.636M,N/A,
OG,Onion Global Limited,3.1,0.05,1.64%,"35,593","92,404",276.671M,N/A,
JG,Aurora Mobile Limited,2.25,0,-4.66%,"872,328","568,042",265.304M,N/A,
CRGE,"Charge Enterprises, Inc.",$3.30,0,0.00%,"10,542","38,335",390.944M,N/A,
PFPT,"Proofpoint, Inc.",$175.90,0,0.00%,4.848M,"871,572",10.16B,N/A,
MSFT,Microsoft Corporation,301.14,-0.01,0.00%,14.752M,22.333M,2.263T,37.41,
ADBE,Adobe Inc.,666.59,2,0.29%,1.642M,1.758M,317.564B,57.77,
CRM,"salesforce.com, inc.",267.08,3,0.0111,7.358M,5.953M,261.471B,106.96,
ORCL,Oracle Corporation,90,0,0.0022,8.245M,10.7M,251.28B,19.78,
ACN,Accenture plc,343.33,2,0.0068,1.345M,1.758M,217.718B,38.37,
SHOP,Shopify Inc.,"1,554.25",11.65,0.76%,"597,356",1.256M,193.479B,79.84,
SAPGF,SAP SE,149.92,1.67,0.0113,"2,283","20,460",176.843B,25.43,
SAP,SAP SE,149.83,1,0.57%,"479,165","554,601",176.736B,25.41,
INTU,Intuit Inc.,563.25,3,0.62%,"730,323",1.08M,153.913B,74.5,
NOW,"ServiceNow, Inc.",678.63,18.32,0.0277,1.146M,1.13M,134.437B,798.39,
IBM,International Business Machines Corporation,139.58,-0.43,-0.31%,1.924M,4.053M,125.108B,23.59,
SQ,"Square, Inc.",269.74,4,0.0143,4.909M,7.765M,123.999B,243.45,
INFY,Infosys Limited,24.03,0,0.0139,3.781M,5.781M,101.929B,36.97,
TEAM,Atlassian Corporation Plc,384.59,8.59,0.0228,1.197M,1.076M,96.885B,N/A,
ADYEY,Adyen N.V.,31.74,0,-0.41%,"563,194","400,959",96.662B,222.47,
SNOW,Snowflake Inc.,310,3,1.01%,3.635M,4.233M,93.279B,N/A,
ZM,"Zoom Video Communications, Inc.",298.29,3,0.0108,6.131M,3.873M,88.63B,90.04,
FIS,"Fidelity National Information Services, Inc.",125.39,-1,-1.16%,4.772M,3.152M,77.452B,889.29,
FISV,"Fiserv, Inc.",115.66,0,-0.15%,2.4M,4.085M,76.591B,68.8,
UBER,"Uber Technologies, Inc.",40.32,-1,-2.61%,15.206M,21.197M,75.977B,N/A,
DASTY,Dassault Syst√®mes SE,58.04,-0.16,-0.28%,"33,577","50,139",75.863B,99.38,
COIN,"Coinbase Global, Inc.",278.44,10,3.83%,4.419M,4.193M,72.923B,20.51,
WDAY,"Workday, Inc.",277.74,6,0.0237,1.383M,1.553M,68.88B,N/A,
CRWD,"CrowdStrike Holdings, Inc.",278.23,5.56,0.0204,3.473M,3.839M,63.49B,N/A,
ADSK,"Autodesk, Inc.",288.75,1,0.45%,1.82M,1.293M,63.482B,48.79,
VMW,"VMware, Inc.",145.11,-1,-0.73%,1.077M,"999,292",60.797B,29.8,
DOCU,"DocuSign, Inc.",310.05,15,5.26%,9.865M,2.431M,60.409B,N/A,
WIT,Wipro Limited,9.6,0.11,1.16%,1.992M,1.86M,52.426B,33.8,
FTNT,"Fortinet, Inc.",320.19,6,0.02,"707,280","925,792",52.293B,103.49,
PLTR,Palantir Technologies Inc.,26.64,0.13,0.49%,26.653M,42.461M,52.031B,N/A,
SNPS,"Synopsys, Inc.",$336.64,-1.1,-0.33%,"732,494","711,120",51.339B,70.18,
CDNS,"Cadence Design Systems, Inc.",165.71,0.52,0.31%,"899,339",1.167M,45.865B,68.19,
PANW,"Palo Alto Networks, Inc.",468.22,6,1.23%,"946,036",1.19M,45.558B,N/A,
DIDI,DiDi Global Inc.,$9.02,0.21,2.38%,44.892M,54.555M,43.506B,N/A,
DDOG,"Datadog, Inc.",$138.06,0.97,0.0071,1.937M,2.546M,42.801B,N/A,
OKTA,"Okta, Inc.",270.4,-1,-0.50%,2.18M,1.567M,41.821B,N/A,
NET,"Cloudflare, Inc.",130.44,1.83,0.0142,2.332M,3.164M,41.739B,N/A,
CTSH,Cognizant Technology Solutions Corporation,76.55,-1,-0.98%,1.25M,3.182M,40.418B,24.35,
ZS,"Zscaler, Inc.",287.4,5,1.84%,1.789M,1.455M,39.37B,N/A,
CGEMY,Capgemini SE,45.4,0.02,0.04%,"10,322","34,617",38.121B,30.35,
FJTSY,Fujitsu Limited,38.43,0.96,2.56%,"11,548","44,014",38.079B,20.23,
U,Unity Software Inc.,$133.61,0,0.35%,2.635M,3.219M,37.747B,N/A,
TTD,"The Trade Desk, Inc.",78.2,0,0.23%,2.402M,6.031M,37.432B,147.27,
CNSWF,Constellation Software Inc.,"1,754.13",-1,-0.04%,714,723,37.173B,106.21,
EPAM,"EPAM Systems, Inc.",$643.39,10,1.62%,"163,029","271,067",36.435B,94.9,
HOOD,"Robinhood Markets, Inc.",43.35,-1,-2.56%,4.677M,31.78M,36.227B,N/A,
MDB,"MongoDB, Inc.",507.41,106,26.33%,6.101M,"756,182",33.555B,N/A,
HUBS,"HubSpot, Inc.",704.09,20,2.88%,"244,352","402,865",33.096B,N/A,
PATH,UiPath Inc.,63.37,2,2.96%,3.184M,2.976M,32.245B,N/A,
ANSS,"ANSYS, Inc.",368.38,0,-0.01%,"292,992","339,445",32.142B,70.68,
PAYC,"Paycom Software, Inc.",496.26,-5,-0.91%,"253,653","356,042",29.822B,171.24,
APP,AppLovin Corporation,77.98,-0.47,-0.60%,1.117M,"985,453",29.036B,N/A,
BILL,"Bill.com Holdings, Inc.",297.14,10,0.0337,1.702M,1.245M,28.758B,N/A,
AFTPY,Afterpay Limited,98.62,2,1.94%,"18,798","93,409",28.715B,N/A,
AMADF,"Amadeus IT Group, S.A.",62.31,-0.47,-0.76%,408,646,28.016B,N/A,
CDW,CDW Corporation,202.7,-0.56,-0.28%,"384,381","656,156",27.87B,31.02,
AMADY,"Amadeus IT Group, S.A.",61.24,-2,-2.44%,"33,447","65,343",27.535B,N/A,
IT,"Gartner, Inc.",313.35,2,0.005,"361,060","616,076",26.211B,48.82,
ZI,ZoomInfo Technologies Inc.,66.33,1,1.07%,2.615M,3.329M,25.983B,379.03,
SPLK,Splunk Inc.,158.44,0,0.0021,1.359M,2.208M,25.971B,N/A,
XM,Qualtrics International Inc.,48.04,2,3.62%,"748,465",1.064M,24.722B,N/A,
AFRM,"Affirm Holdings, Inc.",93.05,-5.94,-6.00%,6.045M,3.917M,24.667B,N/A,
VRSN,"VeriSign, Inc.",220.23,-0.27,-0.12%,"307,064","484,726",24.638B,39.95,
NRILY,"Nomura Research Institute, Ltd.",39.01,0,0.0061,"275,198","4,957",23.048B,43.88,
RNG,"RingCentral, Inc.",250.81,-5,-1.84%,"769,441","972,753",22.952B,N/A,
GIB,CGI Inc.,92.02,-1,-0.98%,"147,694","128,225",22.569B,23.2,
NEXXY,Nexi S.p.A.,20.61,0,-0.87%,854,"3,396",21.791B,80.51,
FLT,"FLEETCOR Technologies, Inc.",261.92,-1,-0.24%,"339,719","751,846",21.636B,28.85,
DT,"Dynatrace, Inc.",70.93,2,0.024,1.417M,1.401M,20.164B,272.81,
DLO,DLocal Limited,67.97,-1,-0.83%,1.76M,1.105M,19.91B,12.68,
TYL,"Tyler Technologies, Inc.",488.1,1.64,0.34%,"94,575","186,976",19.936B,131.07,
YMM,Full Truck Alliance Co. Ltd.,18.31,0,0.72%,5.513M,4.75M,19.882B,N/A,
BR,"Broadridge Financial Solutions, Inc.",170.75,0,-0.16%,"329,793","429,151",19.836B,36.72,
COUP,Coupa Software Incorporated,261.91,6,0.0228,1.648M,1.23M,19.257B,N/A,
PAGS,PagSeguro Digital Ltd.,58.47,-1,-1.12%,1.222M,1.681M,19.228B,84.62,
BSY,"Bentley Systems, Incorporated",67.18,0.82,1.24%,"790,276",1.562M,18.923B,130.7,
SSNC,"SS&C Technologies Holdings, Inc.",74,-0.76,-1.02%,"957,772","958,017",18.889B,27.42,
NICE,NICE Ltd.,295.2,0.66,0.0022,"95,782","275,329",18.633B,96.79,
AKAM,"Akamai Technologies, Inc.",113.8,1,0.0076,"910,724",1.102M,18.53B,32.42,
S,"SentinelOne, Inc.",69.04,4,0.0658,1.374M,2.225M,17.7B,N/A,
CDAY,Ceridian HCM Holding Inc.,115.96,2,0.0166,"602,591","768,814",17.378B,N/A,
NUAN,"Nuance Communications, Inc.",55.21,0.03,0.05%,1.947M,4.05M,17.365B,N/A,
LSPD,Lightspeed Commerce Inc.,119.97,1.36,1.15%,1.146M,"883,551",17.107B,N/A,
NUVCF,Nuvei Corporation,123.01,2.1,0.0173,"1,412","2,684",17.015B,"2,277.94",
ASAN,"Asana, Inc.",93.85,4.69,0.0526,4.674M,2.406M,16.953B,N/A,
CLVT,Clarivate Plc,26.26,-0.15,-0.57%,1.788M,5.459M,16.845B,N/A,
XROLF,Xero Limited,$111.74,0,0,26,329,16.698B,N/A,
MNDY,monday.com Ltd.,379.81,-16,-4.11%,"189,055","190,504",16.605B,N/A,
CHKP,Check Point Software Technologies Ltd.,124.36,-1,-0.73%,"603,210","902,598",16.515B,20.33,
AVLR,"Avalara, Inc.",189.78,1.35,0.72%,"439,806","634,496",16.381B,N/A,
LYFT,"Lyft, Inc.",48.21,-1,-2.21%,3.751M,5.114M,16.164B,N/A,
NLOK,NortonLifeLock Inc.,27.28,0.13,0.0048,3.173M,4.727M,15.857B,26.11,
ESTC,Elastic N.V.,171.49,8,4.75%,1.462M,"699,839",15.742B,N/A,
PTC,PTC Inc.,132.99,1.15,0.87%,"354,929","573,323",15.611B,66.2,
CFLT,"Confluent, Inc.",59.01,5,0.0831,1.481M,1.455M,15.367B,N/A,
ZEN,"Zendesk, Inc.",125.08,2,0.0141,1.298M,1.144M,15.012B,N/A,
OTEX,Open Text Corporation,54.84,0,-0.18%,"169,789","363,578",14.903B,48.11,
PCTY,Paylocity Holding Corporation,272.18,0,-0.12%,"134,100","193,207",14.861B,216.02,
MQ,"Marqeta, Inc.",26.96,-1,-3.20%,2.064M,2.081M,14.542B,N/A,
WPLCF,Wise plc,14.24,0,1.06%,"516,242","447,709",14.163B,6.51,
LDOS,"Leidos Holdings, Inc.",99.02,0,-0.14%,"599,748","683,112",14.018B,19.34,
STNE,StoneCo Ltd.,44.63,0.02,0.0004,4.765M,2.925M,13.787B,57.14,
GLOB,Globant S.A.,331.11,7,0.021,"224,965","252,032",13.64B,186.44,
FICO,Fair Isaac Corporation,467.23,-4.74,-1.00%,"143,937","219,203",13.263B,37.84,
PCOR,"Procore Technologies, Inc.",102.05,4,0.0386,"662,193","287,929",13.382B,N/A,
WIX,Wix.com Ltd.,233.72,6,2.58%,"484,323","760,584",13.184B,N/A,
JKHY,"Jack Henry & Associates, Inc.",175.74,-0.49,-0.28%,"307,202","402,945",13.007B,42.66,
DBX,"Dropbox, Inc.",32.39,0,0.0081,5.549M,4.215M,12.906B,N/A,
CTXS,"Citrix Systems, Inc.",102.75,-1,-1.08%,1.235M,1.444M,12.765B,35.59,
GDDY,GoDaddy Inc.,$74.96,0,-0.21%,"821,831",1.157M,12.684B,66.57,
FFIV,"F5 Networks, Inc.",$203.61,0.24,0.12%,"447,897","460,484",12.28B,42.42,
SNX,TD SYNNEX,127.65,-1,-0.79%,"105,363","224,196",12.252B,12.54,
MCFE,McAfee Corp.,27.72,0.17,0.0062,"460,015","915,434",12.04B,N/A,
BKI,"Black Knight, Inc.",75.89,0,-0.41%,"509,158","766,400",11.887B,44.15,
GDS,GDS Holdings Limited,63,1,0.0165,"799,750",2.11M,11.775B,N/A,
WIGBY,WiseTech Global Limited,34.13,0,0.00%,200,25,11.738B,139.31,
PEGA,Pegasystems Inc.,142.39,1,0.0098,"141,448","244,031",11.598B,749.42,
FIVN,"Five9, Inc.",170.19,4,0.0229,2.648M,1.544M,11.522B,N/A,
TMSNY,Temenos AG,152.76,-5,-3.34%,"5,442","8,065",11.387B,56.45,
SGPYY,The Sage Group plc,42.78,0,0.40%,"5,202","11,659",11.267B,36.88,
BMBL,Bumble Inc.,59.94,2,0.0383,1.408M,1.705M,11.065B,525.79,
SGGEF,The Sage Group plc,8.02,-2.43,-23.25%,649,"1,096",10.835B,27.66,
SMAR,Smartsheet Inc.,83.77,2.62,3.23%,2.099M,1.029M,10.481B,N/A,
MANH,"Manhattan Associates, Inc.",165.15,0.25,0.15%,"281,286","328,128",10.47B,107.24,
IS,ironSource Ltd.,10.3,0,0.0489,1.253M,1.481M,10.433B,163.49,
GWRE,"Guidewire Software, Inc.",123.01,4.57,0.0386,1.928M,"475,235",10.229B,N/A,
PLAN,"Anaplan, Inc.",67.96,0.96,1.43%,1.752M,1.768M,9.935B,N/A,
DLB,"Dolby Laboratories, Inc.",96.98,-1,-0.89%,"278,235","347,121",9.833B,34.55,
DOX,Amdocs Limited,78.31,0,0.28%,"571,520","558,140",9.914B,14.64,
G,Genpact Limited,52.27,-0.42,-0.80%,"509,837","830,721",9.813B,28.75,
TIXT,TELUS International (Cda) Inc.,35.39,1,2.11%,"145,720","209,309",9.416B,130.11,
NTNX,"Nutanix, Inc.",43.24,3,7.03%,6.046M,2.293M,9.148B,N/A,
CNXC,Concentrix Corporation,173.84,-3.48,-1.96%,"74,587","231,525",9.077B,32.19,
DXC,DXC Technology Company,36.02,0,1.07%,1.983M,2.284M,9.074B,27.58,
AZPN,"Aspen Technology, Inc.",130.92,0,0.00%,"182,205","390,873",8.782B,28.03,
AVASF,Avast Plc,8.3,0,0.00%,"2,000","2,089",8.583B,29.64,
DAVA,Endava plc,136.03,0,0.0032,"260,879","138,565",8.266B,166.5,
APPN,Appian Corporation,113.69,6,5.20%,"494,654","657,232",8.081B,N/A,
DNB,"Dun & Bradstreet Holdings, Inc.",18.5,0,-1.33%,"624,911",1.931M,7.975B,N/A,
TMICY,Trend Micro Incorporated,57.09,1,2.68%,"3,779","6,032",7.95B,30.89,
DOCN,"DigitalOcean Holdings, Inc.",73.46,9.31,14.51%,3.156M,1.301M,7.885B,N/A,
WEX,WEX Inc.,175.74,-2,-1.33%,"308,850","309,667",7.873B,N/A,
VRNS,"Varonis Systems, Inc.",73.15,2.13,0.03,"710,825","780,576",7.821B,N/A,
KC,Kingsoft Cloud Holdings Limited,33.95,0,0.71%,"929,373",1.747M,7.595B,N/A,
WK,Workiva Inc.,149,4,0.025,"424,772","343,410",7.529B,N/A,
CMSQY,Computershare Limited,12.22,0,0.00%,168,"1,732",7.4B,36.15,
ITTOY,ITOCHU Techno-Solutions Corporation,15.4,0,0.00%,"2,247",51,7.375B,24.62,
TISNF,TIS Inc.,28.55,0,0.00%,"1,700",884,7.252B,26.91,
NCNO,"nCino, Inc.",74.63,2.11,2.91%,1.924M,"663,389",7.179B,N/A,
EEFT,"Euronet Worldwide, Inc.",134.4,-1.18,-0.87%,"83,522","312,184",7.1B,64,
FOUR,"Shift4 Payments, Inc.",85.45,-1.37,-1.58%,"415,321","988,478",7.083B,N/A,
CCCS,CCC Intelligent Solutions Holdings Inc.,11.87,0,0.76%,"882,442","681,189",7.057B,1.94,
RPD,"Rapid7, Inc.",124.95,2,1.37%,"260,611","493,664",6.97B,N/A,
MSTR,MicroStrategy Incorporated,712.26,17,2.38%,"738,023","906,495",6.943B,N/A,
SPT,"Sprout Social, Inc.",128.32,5,3.68%,"287,548","472,593",6.91B,N/A,
TASK,"TaskUs, Inc.",70.82,2.62,0.0384,1.113M,"689,251",6.89B,N/A,
BL,"BlackLine, Inc.",117.88,4,3.56%,"553,682","309,210",6.885B,N/A,
TUYA,Tuya Inc.,12.21,-0.72,-5.57%,2.216M,1.431M,6.835B,N/A,
DSGX,The Descartes Systems Group Inc,80.74,0,0.42%,"119,649","63,650",6.824B,117.01,
TMVWY,TeamViewer AG,16.85,0,0.0228,"44,962","49,996",6.776B,72.79,
CYBR,CyberArk Software Ltd.,170,2,1.02%,"225,537","371,957",6.759B,N/A,
PSFE,Paysafe Limited,9.24,0,3.36%,5.622M,8.035M,6.687B,N/A,
VMEO,"Vimeo, Inc.",40.1,0.25,0.63%,"585,393",1.343M,6.602B,N/A,
DRKTF,Darktrace plc,9.18,1,0.08,"6,242","5,733",6.578B,N/A,
JCOM,"J2 Global, Inc.",136.17,-2,-1.19%,"152,923","369,360",6.564B,29.93,
SQSP,"Squarespace, Inc.",46.88,0.14,0.30%,"96,213","262,068",6.493B,N/A,
EVBG,"Everbridge, Inc.",166.36,3.86,2.38%,"309,457","390,698",6.386B,N/A,
DCT,"Duck Creek Technologies, Inc.",47.96,0.62,1.31%,"395,817","474,271",6.317B,N/A,
COMP,"Compass, Inc.",16.16,-0.5,-3.00%,"646,484","665,965",6.3B,N/A,
SWCH,"Switch, Inc.",26.04,0.11,0.0042,1.911M,2.207M,6.294B,120.56,
BB,BlackBerry Limited,11.07,-0.18,-1.60%,4.788M,22.32M,6.27B,N/A,
PYCR,"Paycor HCM, Inc.",35.7,0.86,2.47%,"121,829","786,960",6.227B,N/A,
TDC,Teradata Corporation,57.04,0.14,0.0025,"530,756","850,660",6.223B,63.38,
LAZR,"Luminar Technologies, Inc.",17.28,-0.14,-0.80%,1.733M,4.173M,6.211B,N/A,
APPS,"Digital Turbine, Inc.",63.89,0.54,0.85%,16.941M,3.639M,6.14B,106.84,
STMP,Stamps.com Inc.,328.8,-0.08,-0.02%,"232,435","394,606",6.108B,54.17,
DUOL,"Duolingo, Inc.",163.06,10.97,7.21%,"298,843","428,435",6.101B,N/A,
CACI,CACI International Inc,256.32,-2.6,-1.00%,"116,051","184,610",6.046B,14.01,
AEXAF,Atos SE,53.97,0,0.00%,"3,985",592,5.93B,54.02,
DV,"DoubleVerify Holdings, Inc.",37.41,1.1,3.03%,"107,867","368,837",5.905B,"2,200.59",
AEXAY,Atos SE,10.64,-0.14,-1.30%,"13,946","37,028",5.895B,53.25,
RSKD,Riskified Ltd.,36.92,2.84,0.0833,1.072M,"985,566",5.82B,N/A,
TSYHY,TravelSky Technology Limited,19.57,0.13,0.0066,"18,698","10,889",5.726B,39.14,
ALTR,Altair Engineering Inc.,75.07,-0.27,-0.36%,"95,564","213,018",5.67B,N/A,
TSYHF,TravelSky Technology Limited,1.896,0.0859,0.0475,250,"12,565",5.655B,37.92,
NATI,National Instruments Corporation,42.21,-0.18,-0.42%,"374,140","460,067",5.613B,258.96,
PWSC,"PowerSchool Holdings, Inc.",35.88,1.04,0.0299,"922,065","946,375",5.491B,N/A,
NCR,NCR Corporation,41.78,-0.96,-2.25%,"797,928",1.091M,5.49B,N/A,
OLO,Olo Inc.,37.05,0,0.00%,"885,594","544,850",5.472B,N/A,
FSLY,"Fastly, Inc.",46.69,-0.57,-1.21%,2.004M,4.815M,5.444B,N/A,
MDLA,"Medallia, Inc.",33.85,-0.02,-0.06%,6.898M,2.784M,5.429B,N/A,
CFTLF,Chinasoft International Limited,1.66,0,0.00%,"6,000","1,520",5.388B,28.62,
ALIT,"Alight, Inc.",11.79,-0.03,-0.25%,5.176M,3.358M,5.385B,N/A,
NEWR,"New Relic, Inc.",81.47,1.37,0.0171,"247,087","453,496",5.283B,N/A,
AI,"C3.ai, Inc.",50.61,2.94,0.0617,7.059M,3.248M,5.269B,N/A,
TTEC,"TTEC Holdings, Inc.",110.64,-1.63,-1.45%,"74,876","107,634",5.198B,32.06,
QTWO,"Q2 Holdings, Inc.",90.61,0.27,0.003,"269,893","384,281",5.116B,N/A,
AYX,"Alteryx, Inc.",76,0.99,0.0132,"386,504","964,739",5.113B,N/A,
SAIC,Science Applications International Corporation,87.13,1.75,0.0205,"600,188","305,196",5.016B,17.94,
VTEX,VTEX,26.23,0.64,0.025,"237,140","786,100",4.988B,N/A,
FLYW,Flywire Corporation,47.54,-0.58,-1.21%,"385,156","239,712",4.983B,N/A,
TENB,"Tenable Holdings, Inc.",46.74,0.87,0.019,"473,790",1.016M,4.982B,N/A,
CDK,"CDK Global, Inc.",41.14,0.06,0.0015,"705,000","729,040",4.971B,4.88,
XRX,Xerox Holdings Corporation,22.51,-0.71,-3.06%,2.846M,1.979M,4.018B,15.85,
SPSC,"SPS Commerce, Inc.",135.28,-0.8,-0.59%,"112,149","147,771",4.847B,110.07,
CLDR,"Cloudera, Inc.",15.95,0.02,0.0013,7.923M,5.191M,4.725B,N/A,
LPSN,"LivePerson, Inc.",67.47,1.22,0.0184,"435,427","515,750",4.707B,N/A,
QLYS,"Qualys, Inc.",119.67,0.07,0.0006,"195,973","309,314",4.661B,71.49,
KNBE,"KnowBe4, Inc.",27.4,2.31,0.0921,1.271M,"763,276",4.644B,N/A,
MIME,Mimecast Limited,70.32,0.95,0.0137,"576,155","873,543",4.623B,128.09,
CD,Chindata Group Holdings Limited,12.59,0.12,0.0096,1.246M,1.114M,4.567B,N/A,
SAIL,"SailPoint Technologies Holdings, Inc.",48.01,-0.1,-0.21%,"535,508","893,067",4.462B,N/A,
KXSCF,Kinaxis Inc.,162.8,-0.09,-0.06%,795,"1,878",4.444B,"9,576.47",
FEYE,"FireEye, Inc.",18.55,0.26,0.0142,1.757M,3.616M,4.437B,N/A,
MTTR,"Matterport, Inc.",17.96,0.61,0.0352,3.845M,1.455M,4.346B,N/A,
ENV,"Envestnet, Inc.",79,-0.32,-0.40%,"218,113","571,820",4.307B,275.26,
BIGC,"BigCommerce Holdings, Inc.",59.25,-0.33,-0.55%,"539,059",1.218M,4.284B,N/A,
APPF,"AppFolio, Inc.",123.6,1.92,0.0158,"72,726","114,796",4.278B,31.63,
EVCM,EverCommerce Inc.,21.9,-0.33,-1.48%,"260,116","644,480",4.278B,N/A,
JAMF,Jamf Holding Corp.,36.03,0.62,0.0175,"306,907","617,837",4.275B,N/A,
ALRM,"Alarm.com Holdings, Inc.",85.14,-0.15,-0.18%,"155,908","209,398",4.249B,53.75,
CRNC,Cerence Inc.,111.53,-1.18,-1.05%,"160,933","569,284",4.239B,98.35,
MSP,Datto Holding Corp.,25.92,0.15,0.0058,"160,337","252,015",4.206B,89.07,
EXLS,"ExlService Holdings, Inc.",123.26,-0.2,-0.16%,"116,884","153,732",4.127B,35.71,
PRFT,"Perficient, Inc.",121.67,3.58,0.0303,"513,692","368,500",4.007B,89.73,
BOX,"Box, Inc.",26.04,0.33,0.0128,1.276M,2.369M,3.975B,N/A,
BLND,"Blend Labs, Inc.",17.46,0.49,0.0289,"701,833",1.088M,3.965B,N/A,
PD,"PagerDuty, Inc.",47.38,3.08,0.0695,5.443M,1.228M,3.963B,N/A,
ACIW,"ACI Worldwide, Inc.",33.27,0.37,0.0112,1.151M,"540,887",3.909B,44.96,
CVLT,"Commvault Systems, Inc.",83.87,2.16,0.0264,"284,900","312,350",3.847B,N/A,
SEMR,"SEMrush Holdings, Inc.",28.24,0.21,0.0075,"170,091","308,870",3.826B,N/A,
CXM,"Sprinklr, Inc.",15.38,-0.26,-1.66%,"254,195",1.06M,3.816B,N/A,
CSOD,"Cornerstone OnDemand, Inc.",57.12,0.01,0.0002,"789,869","861,928",3.813B,N/A,
API,"Agora, Inc.",32.81,0.13,0.004,"400,109",1.232M,3.802B,N/A,
TOITF,Topicus.com Inc.,94,-1.56,-1.63%,"5,456","3,090",3.749B,N/A,
STWRY,Software Aktiengesellschaft,12.43,-0.09,-0.72%,907,648,3.731B,31.95,
PAYO,Payoneer Global Inc.,10.75,0.36,0.0346,3.069M,2.236M,3.637B,N/A,
FROG,JFrog Ltd.,37.79,0.01,0.0003,"724,954","954,423",3.624B,N/A,
YOU,"Clear Secure, Inc.",47.86,0.6,0.0127,"393,946","932,408",3.612B,163.9,
KHOTF,Kahoot! ASA,7.5,-0.05,-0.68%,"89,478","67,301",3.562B,N/A,
NSIT,"Insight Enterprises, Inc.",101.17,0.63,0.0063,"136,712","190,217",3.526B,18.86,
SABR,Sabre Corporation,10.86,-0.29,-2.60%,4.256M,6.027M,3.504B,N/A,
BLKB,"Blackbaud, Inc.",71.36,0.31,0.0044,"137,175","211,907",3.488B,N/A,
RAMP,"LiveRamp Holdings, Inc.",51.16,-0.09,-0.18%,"296,295","846,537",3.475B,N/A,
LAW,"CS Disco, Inc.",59.55,1.13,0.0193,"427,539","395,812",3.357B,N/A,
STEM,"Stem, Inc.",25.53,-0.17,-0.66%,1.465M,2.934M,3.345B,N/A,
EVTC,"EVERTEC, Inc.",46.3,0.06,0.0013,"211,047","254,995",3.332B,22.38,
RIOT,"Riot Blockchain, Inc.",34.43,-1.53,-4.25%,17.028M,10.475M,3.303B,82.37,
PAY,"Paymentus Holdings, Inc.",27.11,0.24,0.0089,"306,701","212,635",3.182B,542.2,
MANT,ManTech International Corporation,77.94,-0.43,-0.55%,"70,028","115,292",3.171B,24.3,
VNET,"21Vianet Group, Inc.",21.8,1.28,0.0624,1.431M,1.947M,3.132B,N/A,
ALMFF,Altium Limited,23.8,0,0.00%,"1,002",500,3.123B,29.24,
ACVA,ACV Auctions Inc.,20.03,-0.1,-0.50%,1.171M,"670,073",3.105B,N/A,
MNTV,Momentive Global Inc.,20.78,0.53,0.0262,"911,287","590,682",3.065B,N/A,
VERX,"Vertex, Inc.",20.49,-0.02,-0.10%,"108,218","171,239",3.032B,N/A,
RXT,"Rackspace Technology, Inc.",14.35,0.17,0.012,"931,527",1.105M,3.001B,N/A,
CALX,"Calix, Inc.",46.35,-0.06,-0.13%,"224,846","463,167",2.943B,36.24,
MKTW,"MarketWise, Inc.",9.21,-0.19,-2.02%,"682,460","547,590",2.939B,N/A,
VRNT,Verint Systems Inc.,45.07,-0.08,-0.18%,"478,487","623,212",2.93B,N/A,
ETWO,"E2open Parent Holdings, Inc.",12.36,0,0.00%,2.295M,2.41M,2.906B,N/A,
DCBO,Docebo Inc.,88.65,4.17,0.0494,"97,913","62,960",2.901B,N/A,
NWITY,Network International Holdings plc,5.25,-0.24,-4.37%,"11,759","11,564",2.888B,131.25,
EGHT,"8x8, Inc.",25.27,-0.58,-2.24%,"712,951","954,273",2.831B,N/A,
EGHSF,Enghouse Systems Limited,50.78,0.29,0.0057,120,382,2.818B,36.8,
SWI,SolarWinds Corporation,17.47,0.15,0.0087,"400,980","694,191",2.761B,21.86,
BAND,Bandwidth Inc.,106.67,-1.38,-1.28%,"173,452","276,437",2.679B,N/A,
DOMO,"Domo, Inc.",84.5,-0.07,-0.08%,"181,653","334,801",2.677B,N/A,
ALKT,"Alkami Technology, Inc.",29.95,-0.27,-0.89%,"117,627","175,775",2.611B,N/A,
DYNDF,Dye & Durham Limited,37.99,-0.01,-0.02%,250,146,2.603B,N/A,
NABL,"N-able, Inc.",14.4,0.18,0.0127,"658,179","684,885",2.574B,N/A,
SPNUF,Spirent Communications plc,4.036,0,0.00%,"2,287","1,350",2.534B,30.35,
WKME,WalkMe Ltd.,29.22,0.77,0.0271,"70,876","287,282",2.415B,N/A,
CHNVF,China Youzan Limited,0.13,0,0.00%,"6,006","14,170",2.399B,N/A,
SUMO,"Sumo Logic, Inc.",21.4,-0.02,-0.09%,"977,150",1.262M,2.311B,N/A,
VYGVF,Voyager Digital Ltd.,15.85,0.45,0.029,"493,334","666,345",2.298B,N/A,
TLS,Telos Corporation,34.42,1.43,0.0433,1.022M,"723,650",2.298B,N/A,
PING,Ping Identity Holding Corp.,27.79,1.1,0.0412,1.09M,"923,371",2.282B,N/A,
INTA,"Intapp, Inc.",38.7,0.52,0.0136,"269,943","372,668",2.275B,N/A,
RSTAY,RIB Software SE,86.52,-11.58,-11.80%,"14,137",585,2.477B,508.94,
ZUO,"Zuora, Inc.",18.4,0.44,0.0245,"789,241","962,510",2.25B,N/A,
MLNK,"MeridianLink, Inc.",27.85,0.62,0.0228,"219,668","507,462",2.248B,N/A,
DNACF,"DeNA Co., Ltd.",17.35,0,0.00%,137,67,2.169B,7.75,
PRCH,"Porch Group, Inc.",22.39,0.4,0.0182,"979,016","968,184",2.166B,N/A,
RPAY,Repay Holdings Corporation,23.73,0.16,0.0068,"329,831","564,189",2.15B,N/A,
YHEKF,Yeahka Limited,4.59,0,0.00%,317,305,2.074B,30.81,
CTSDF,Converge Technology Solutions Corp.,9.75,-0.03,-0.30%,"15,340","79,606",2.073B,278.59,
PRGS,Progress Software Corporation,46.75,0.08,0.0017,"251,133","278,885",2.046B,28.3,